player_id,name,name_norm,Team,rating,insert_timestamp_utc
doncilu01,Luka Dončić,luka doncic,2TM,97.0,2025-05-12 14:18:43.864195+00:00
jokicni01,Nikola Jokić,nikola jokic,DEN,97.0,2025-05-12 14:18:43.864195+00:00
antetgi01,Giannis Antetokounmpo,giannis antetokounmpo,MIL,97.0,2025-05-12 14:18:43.864195+00:00
embiijo01,Joel Embiid,joel embiid,PHI,96.0,2025-05-12 14:18:43.864195+00:00
gilgesh01,Shai Gilgeous-Alexander,shai gilgeousalexander,OKC,96.0,2025-05-12 14:18:43.864195+00:00
jamesle01,LeBron James,lebron james,LAL,95.0,2025-05-12 14:18:43.864195+00:00
curryst01,Stephen Curry,stephen curry,GSW,95.0,2025-05-12 14:18:43.864195+00:00
tatumja01,Jayson Tatum,jayson tatum,BOS,95.0,2025-05-12 14:18:43.864195+00:00
davisan02,Anthony Davis,anthony davis,2TM,94.0,2025-05-12 14:18:43.864195+00:00
duranke01,Kevin Durant,kevin durant,PHO,94.0,2025-05-12 14:18:43.864195+00:00
bookede01,Devin Booker,devin booker,PHO,93.0,2025-05-12 14:18:43.864195+00:00
brunsja01,Jalen Brunson,jalen brunson,NYK,93.0,2025-05-12 14:18:43.864195+00:00
edwaran01,Anthony Edwards,anthony edwards,MIN,93.0,2025-05-12 14:18:43.864195+00:00
leonaka01,Kawhi Leonard,kawhi leonard,LAC,92.0,2025-05-12 14:18:43.864195+00:00
mitchdo01,Donovan Mitchell,donovan mitchell,CLE,92.0,2025-05-12 14:18:43.864195+00:00
brownja02,Jaylen Brown,jaylen brown,BOS,92.0,2025-05-12 14:18:43.864195+00:00
irvinky01,Kyrie Irving,kyrie irving,DAL,92.0,2025-05-12 14:18:43.864195+00:00
wembavi01,Victor Wembanyama,victor wembanyama,SAS,91.0,2025-05-12 14:18:43.864195+00:00
moranja01,Ja Morant,ja morant,MEM,90.0,2025-05-12 14:18:43.864195+00:00
halibty01,Tyrese Haliburton,tyrese haliburton,IND,90.0,2025-05-12 14:18:43.864195+00:00
lillada01,Damian Lillard,damian lillard,MIL,89.0,2025-05-12 14:18:43.864195+00:00
georgpa01,Paul George,paul george,PHI,89.0,2025-05-12 14:18:43.864195+00:00
butleji01,Jimmy Butler,jimmy butler,2TM,89.0,2025-05-12 14:18:43.864195+00:00
banchpa01,Paolo Banchero,paolo banchero,ORL,89.0,2025-05-12 14:18:43.864195+00:00
sabondo01,Domantas Sabonis,domantas sabonis,SAC,89.0,2025-05-12 14:18:43.864195+00:00
youngtr01,Trae Young,trae young,ATL,89.0,2025-05-12 14:18:43.864195+00:00
maxeyty01,Tyrese Maxey,tyrese maxey,PHI,89.0,2025-05-12 14:18:43.864195+00:00
siakapa01,Pascal Siakam,pascal siakam,IND,88.0,2025-05-12 14:18:43.864195+00:00
willizi01,Zion Williamson,zion williamson,NOP,88.0,2025-05-12 14:18:43.864195+00:00
adebaba01,Bam Adebayo,bam adebayo,MIA,88.0,2025-05-12 14:18:43.864195+00:00
townska01,Karl-Anthony Towns,karlanthony towns,NYK,88.0,2025-05-12 14:18:43.864195+00:00
foxde01,De'Aaron Fox,deaaron fox,2TM,88.0,2025-05-12 14:18:43.864195+00:00
holidjr01,Jrue Holiday,jrue holiday,BOS,87.0,2025-05-12 14:18:43.864195+00:00
murraja01,Jamal Murray,jamal murray,DEN,87.0,2025-05-12 14:18:43.864195+00:00
derozde01,DeMar DeRozan,demar derozan,SAC,87.0,2025-05-12 14:18:43.864195+00:00
ballla01,LaMelo Ball,lamelo ball,CHO,87.0,2025-05-12 14:18:43.864195+00:00
holmgch01,Chet Holmgren,chet holmgren,OKC,87.0,2025-05-12 14:18:43.864195+00:00
porzikr01,Kristaps Porziņģis,kristaps porzingis,BOS,87.0,2025-05-12 14:18:43.864195+00:00
murrade01,Dejounte Murray,dejounte murray,NOP,86.0,2025-05-12 14:18:43.864195+00:00
jacksja02,Jaren Jackson Jr.,jaren jackson,MEM,86.0,2025-05-12 14:18:43.864195+00:00
wagnefr01,Franz Wagner,franz wagner,ORL,86.0,2025-05-12 14:18:43.864195+00:00
willija06,Jalen Williams,jalen williams,OKC,86.0,2025-05-12 14:18:43.864195+00:00
markkla01,Lauri Markkanen,lauri markkanen,UTA,86.0,2025-05-12 14:18:43.864195+00:00
mobleev01,Evan Mobley,evan mobley,CLE,86.0,2025-05-12 14:18:43.864195+00:00
whitede01,Derrick White,derrick white,BOS,86.0,2025-05-12 14:18:43.864195+00:00
cunnica01,Cade Cunningham,cade cunningham,DET,86.0,2025-05-12 14:18:43.864195+00:00
bealbr01,Bradley Beal,bradley beal,PHO,85.0,2025-05-12 14:18:43.864195+00:00
barnesc01,Scottie Barnes,scottie barnes,TOR,85.0,2025-05-12 14:18:43.864195+00:00
middlkh01,Khris Middleton,khris middleton,2TM,85.0,2025-05-12 14:18:43.864195+00:00
ingrabr01,Brandon Ingram,brandon ingram,NOP,85.0,2025-05-12 14:18:43.864195+00:00
sengual01,Alperen Şengün,alperen sengun,HOU,85.0,2025-05-12 14:18:43.864195+00:00
randlju01,Julius Randle,julius randle,MIN,85.0,2025-05-12 14:18:43.864195+00:00
goberru01,Rudy Gobert,rudy gobert,MIN,85.0,2025-05-12 14:18:43.864195+00:00
allenja01,Jarrett Allen,jarrett allen,CLE,84.0,2025-05-12 14:18:43.864195+00:00
vanvlfr01,Fred VanVleet,fred vanvleet,HOU,84.0,2025-05-12 14:18:43.864195+00:00
turnemy01,Myles Turner,myles turner,IND,84.0,2025-05-12 14:18:43.864195+00:00
greenja05,Jalen Green,jalen green,HOU,84.0,2025-05-12 14:18:43.864195+00:00
gordoaa01,Aaron Gordon,aaron gordon,DEN,84.0,2025-05-12 14:18:43.864195+00:00
bridgmi01,Mikal Bridges,mikal bridges,NYK,84.0,2025-05-12 14:18:43.864195+00:00
anunoog01,OG Anunoby,og anunoby,NYK,84.0,2025-05-12 14:18:43.864195+00:00
hardeja01,James Harden,james harden,LAC,84.0,2025-05-12 14:18:43.864195+00:00
mccolcj01,CJ McCollum,cj mccollum,NOP,84.0,2025-05-12 14:18:43.864195+00:00
herroty01,Tyler Herro,tyler herro,MIA,83.0,2025-05-12 14:18:43.864195+00:00
lavinza01,Zach LaVine,zach lavine,2TM,83.0,2025-05-12 14:18:43.864195+00:00
aytonde01,Deandre Ayton,deandre ayton,POR,83.0,2025-05-12 14:18:43.864195+00:00
kuzmaky01,Kyle Kuzma,kyle kuzma,2TM,83.0,2025-05-12 14:18:43.864195+00:00
portemi01,Michael Porter Jr.,michael porter,DEN,83.0,2025-05-12 14:18:43.864195+00:00
greendr01,Draymond Green,draymond green,GSW,83.0,2025-05-12 14:18:43.864195+00:00
banede01,Desmond Bane,desmond bane,MEM,82.5,2025-05-12 14:18:43.864195+00:00
suggsja01,Jalen Suggs,jalen suggs,ORL,82.0,2025-05-12 14:18:43.864195+00:00
hartjo01,Josh Hart,josh hart,NYK,82.0,2025-05-12 14:18:43.864195+00:00
valanjo01,Jonas Valančiūnas,jonas valanciunas,2TM,82.0,2025-05-12 14:18:43.864195+00:00
grantje01,Jerami Grant,jerami grant,POR,82.0,2025-05-12 14:18:43.864195+00:00
zubaciv01,Ivica Zubac,ivica zubac,LAC,82.0,2025-05-12 14:18:43.864195+00:00
garlada01,Darius Garland,darius garland,CLE,82.0,2025-05-12 14:18:43.864195+00:00
carusal01,Alex Caruso,alex caruso,OKC,82.0,2025-05-12 14:18:43.864195+00:00
sarral01,Alex Sarr,alex sarr,WAS,81.2,2025-05-12 14:18:43.864195+00:00
reidna01,Naz Reid,naz reid,MIN,81.0,2025-05-12 14:18:43.864195+00:00
durenja01,Jalen Duren,jalen duren,DET,81.0,2025-05-12 14:18:43.864195+00:00
claxtni01,Nic Claxton,nic claxton,BRK,81.0,2025-05-12 14:18:43.864195+00:00
conlemi01,Mike Conley,mike conley,MIN,81.0,2025-05-12 14:18:43.864195+00:00
nembhan01,Andrew Nembhard,andrew nembhard,IND,81.0,2025-05-12 14:18:43.864195+00:00
paulch01,Chris Paul,chris paul,SAS,81.0,2025-05-12 14:18:43.864195+00:00
vucevni01,Nikola Vučević,nikola vucevic,CHI,81.0,2025-05-12 14:18:43.864195+00:00
barrerj01,RJ Barrett,rj barrett,TOR,81.0,2025-05-12 14:18:43.864195+00:00
millebr02,Brandon Miller,brandon miller,CHO,81.0,2025-05-12 14:18:43.864195+00:00
whiteco01,Coby White,coby white,CHI,81.0,2025-05-12 14:18:43.864195+00:00
bridgmi02,Miles Bridges,miles bridges,CHO,81.0,2025-05-12 14:18:43.864195+00:00
thomaca02,Cam Thomas,cam thomas,BRK,81.0,2025-05-12 14:18:43.864195+00:00
harteis01,Isaiah Hartenstein,isaiah hartenstein,OKC,81.0,2025-05-12 14:18:43.864195+00:00
gaffoda01,Daniel Gafford,daniel gafford,DAL,81.0,2025-05-12 14:18:43.864195+00:00
livelde01,Dereck Lively II,dereck lively,DAL,81.0,2025-05-12 14:18:43.864195+00:00
russeda01,D'Angelo Russell,dangelo russell,2TM,81.0,2025-05-12 14:18:43.864195+00:00
thompkl01,Klay Thompson,klay thompson,DAL,81.0,2025-05-12 14:18:43.864195+00:00
reaveau01,Austin Reaves,austin reaves,LAL,81.0,2025-05-12 14:18:43.864195+00:00
simonan01,Anfernee Simons,anfernee simons,POR,81.0,2025-05-12 14:18:43.864195+00:00
vassede01,Devin Vassell,devin vassell,SAS,81.0,2025-05-12 14:18:43.864195+00:00
quickim01,Immanuel Quickley,immanuel quickley,TOR,81.0,2025-05-12 14:18:43.864195+00:00
murphtr02,Trey Murphy III,trey murphy,NOP,80.0,2025-05-12 14:18:43.864195+00:00
collijo01,John Collins,john collins,UTA,80.0,2025-05-12 14:18:43.864195+00:00
harrito02,Tobias Harris,tobias harris,DET,80.0,2025-05-12 14:18:43.864195+00:00
portibo01,Bobby Portis,bobby portis,MIL,80.0,2025-05-12 14:18:43.864195+00:00
smithja05,Jabari Smith Jr.,jabari smith,HOU,80.0,2025-05-12 14:18:43.864195+00:00
murrake02,Keegan Murray,keegan murray,SAC,80.0,2025-05-12 14:18:43.864195+00:00
johnsja05,Jalen Johnson,jalen johnson,ATL,80.0,2025-05-12 14:18:43.864195+00:00
brogdma01,Malcolm Brogdon,malcolm brogdon,WAS,80.0,2025-05-12 14:18:43.864195+00:00
monkma01,Malik Monk,malik monk,SAC,80.0,2025-05-12 14:18:43.864195+00:00
sextoco01,Collin Sexton,collin sexton,UTA,80.0,2025-05-12 14:18:43.864195+00:00
kuminjo01,Jonathan Kuminga,jonathan kuminga,GSW,80.0,2025-05-12 14:18:43.864195+00:00
willima07,Mark Williams,mark williams,CHO,80.0,2025-05-12 14:18:43.864195+00:00
thompam01,Amen Thompson,amen thompson,HOU,80.0,2025-05-12 14:18:43.864195+00:00
williro04,Robert Williams,robert williams,POR,80.0,2025-05-12 14:18:43.864195+00:00
divindo01,Donte DiVincenzo,donte divincenzo,MIN,80.0,2025-05-12 14:18:43.864195+00:00
toppiob01,Obi Toppin,obi toppin,IND,80.0,2025-05-12 14:18:43.864195+00:00
dortlu01,Luguentz Dort,luguentz dort,OKC,80.0,2025-05-12 14:18:43.864195+00:00
cartewe01,Wendell Carter Jr.,wendell carter,ORL,80.0,2025-05-12 14:18:43.864195+00:00
roziete01,Terry Rozier,terry rozier,MIA,80.0,2025-05-12 14:18:43.864195+00:00
capelca01,Clint Capela,clint capela,ATL,80.0,2025-05-12 14:18:43.864195+00:00
smartma01,Marcus Smart,marcus smart,2TM,80.0,2025-05-12 14:18:43.864195+00:00
nurkiju01,Jusuf Nurkić,jusuf nurkic,2TM,80.0,2025-05-12 14:18:43.864195+00:00
lopezbr01,Brook Lopez,brook lopez,MIL,80.0,2025-05-12 14:18:43.864195+00:00
poeltja01,Jakob Poeltl,jakob poeltl,TOR,80.0,2025-05-12 14:18:43.864195+00:00
mathube01,Bennedict Mathurin,bennedict mathurin,IND,80.0,2025-05-12 14:18:43.864195+00:00
mcdanja02,Jaden McDaniels,jaden mcdaniels,MIN,80.0,2025-05-12 14:18:43.864195+00:00
robinmi01,Mitchell Robinson,mitchell robinson,NYK,80.0,2025-05-12 14:18:43.864195+00:00
okongon01,Onyeka Okongwu,onyeka okongwu,ATL,80.0,2025-05-12 14:18:43.864195+00:00
avdijde01,Deni Avdija,deni avdija,POR,80.0,2025-05-12 14:18:43.864195+00:00
poolejo01,Jordan Poole,jordan poole,WAS,79.0,2025-05-12 14:18:43.864195+00:00
johnsca02,Cameron Johnson,cameron johnson,BRK,79.0,2025-05-12 14:18:43.864195+00:00
sharpsh01,Shaedon Sharpe,shaedon sharpe,POR,79.0,2025-05-12 14:18:43.864195+00:00
powelno01,Norman Powell,norman powell,LAC,79.0,2025-05-12 14:18:43.864195+00:00
adamsst01,Steven Adams,steven adams,HOU,79.0,2025-05-12 14:18:43.864195+00:00
washipj01,P.J. Washington,pj washington,DAL,79.0,2025-05-12 14:18:43.864195+00:00
johnske04,Keldon Johnson,keldon johnson,SAS,79.0,2025-05-12 14:18:43.864195+00:00
huntede01,De'Andre Hunter,deandre hunter,2TM,79.0,2025-05-12 14:18:43.864195+00:00
oubreke01,Kelly Oubre Jr.,kelly oubre,PHI,79.0,2025-05-12 14:18:43.864195+00:00
hieldbu01,Buddy Hield,buddy hield,GSW,79.0,2025-05-12 14:18:43.864195+00:00
giddejo01,Josh Giddey,josh giddey,CHI,79.0,2025-05-12 14:18:43.864195+00:00
hachiru01,Rui Hachimura,rui hachimura,LAL,79.0,2025-05-12 14:18:43.864195+00:00
brookdi01,Dillon Brooks,dillon brooks,HOU,79.0,2025-05-12 14:18:43.864195+00:00
easonta01,Tari Eason,tari eason,HOU,79.0,2025-05-12 14:18:43.864195+00:00
bogdabo01,Bogdan Bogdanović,bogdan bogdanovic,2TM,79.0,2025-05-12 14:18:43.864195+00:00
podzibr01,Brandin Podziemski,brandin podziemski,GSW,79.0,2025-05-12 14:18:43.864195+00:00
kesslwa01,Walker Kessler,walker kessler,UTA,79.0,2025-05-12 14:18:43.864195+00:00
mccontj01,T.J. McConnell,tj mcconnell,IND,79.0,2025-05-12 14:18:43.864195+00:00
jaqueja01,Jaime Jaquez Jr.,jaime jaquez,MIA,79.0,2025-05-12 14:18:43.864195+00:00
olynyke01,Kelly Olynyk,kelly olynyk,2TM,79.0,2025-05-12 14:18:43.864195+00:00
balllo01,Lonzo Ball,lonzo ball,CHI,79.0,2025-05-12 14:18:43.864195+00:00
vandeja01,Jarred Vanderbilt,jarred vanderbilt,LAL,78.0,2025-05-12 14:18:43.864195+00:00
georgke01,Keyonte George,keyonte george,UTA,78.0,2025-05-12 14:18:43.864195+00:00
wiggian01,Andrew Wiggins,andrew wiggins,2TM,78.0,2025-05-12 14:18:43.864195+00:00
clarkjo01,Jordan Clarkson,jordan clarkson,UTA,78.0,2025-05-12 14:18:43.864195+00:00
iveyja01,Jaden Ivey,jaden ivey,DET,78.0,2025-05-12 14:18:43.864195+00:00
jacksgg01,GG Jackson II,gg jackson,MEM,78.0,2025-05-12 14:18:43.864195+00:00
drumman01,Andre Drummond,andre drummond,PHI,78.0,2025-05-12 14:18:43.864195+00:00
pritcpa01,Payton Pritchard,payton pritchard,BOS,78.0,2025-05-12 14:18:43.864195+00:00
schrode01,Dennis Schröder,dennis schroder,3TM,78.0,2025-05-12 14:18:43.864195+00:00
hendesc01,Scoot Henderson,scoot henderson,POR,78.0,2025-05-12 14:18:43.864195+00:00
jonestr01,Tre Jones,tre jones,2TM,78.0,2025-05-12 14:18:43.864195+00:00
isaacjo01,Jonathan Isaac,jonathan isaac,ORL,78.0,2025-05-12 14:18:43.864195+00:00
colliza01,Zach Collins,zach collins,2TM,78.0,2025-05-12 14:18:43.864195+00:00
wiggiaa01,Aaron Wiggins,aaron wiggins,OKC,78.0,2025-05-12 14:18:43.864195+00:00
nesmiaa01,Aaron Nesmith,aaron nesmith,IND,78.0,2025-05-12 14:18:43.864195+00:00
dosunay01,Ayo Dosunmu,ayo dosunmu,CHI,78.0,2025-05-12 14:18:43.864195+00:00
kispeco01,Corey Kispert,corey kispert,WAS,78.0,2025-05-12 14:18:43.864195+00:00
trentga02,Gary Trent Jr.,gary trent,MIL,78.0,2025-05-12 14:18:43.864195+00:00
caldwke01,Kentavious Caldwell-Pope,kentavious caldwellpope,ORL,78.0,2025-05-12 14:18:43.864195+00:00
jonesty01,Tyus Jones,tyus jones,PHO,78.0,2025-05-12 14:18:43.864195+00:00
joeis01,Isaiah Joe,isaiah joe,OKC,78.0,2025-05-12 14:18:43.864195+00:00
thompau01,Ausar Thompson,ausar thompson,DET,78.0,2025-05-12 14:18:43.864195+00:00
allengr01,Grayson Allen,grayson allen,PHO,78.0,2025-05-12 14:18:43.864195+00:00
anthoco01,Cole Anthony,cole anthony,ORL,78.0,2025-05-12 14:18:43.864195+00:00
smithto05,Tolu Smith,tolu smith,DET,77.9,2025-05-12 14:18:43.864195+00:00
timmedr01,Drew Timme,drew timme,BRK,77.4,2025-05-12 14:18:43.864195+00:00
meltode01,De'Anthony Melton,deanthony melton,GSW,77.0,2025-05-12 14:18:43.864195+00:00
richani01,Nick Richards,nick richards,2TM,77.0,2025-05-12 14:18:43.864195+00:00
sochaje01,Jeremy Sochan,jeremy sochan,SAS,77.0,2025-05-12 14:18:43.864195+00:00
alexani01,Nickeil Alexander-Walker,nickeil alexanderwalker,MIN,77.0,2025-05-12 14:18:43.864195+00:00
strusma01,Max Strus,max strus,CLE,77.0,2025-05-12 14:18:43.864195+00:00
willivi01,Vince Williams Jr.,vince williams,MEM,77.0,2025-05-12 14:18:43.864195+00:00
wagnemo01,Moritz Wagner,moritz wagner,ORL,77.0,2025-05-12 14:18:43.864195+00:00
brownbr01,Bruce Brown,bruce brown,2TM,77.0,2025-05-12 14:18:43.864195+00:00
coulibi01,Bilal Coulibaly,bilal coulibaly,WAS,77.0,2025-05-12 14:18:43.864195+00:00
elliske01,Keon Ellis,keon ellis,SAC,77.0,2025-05-12 14:18:43.864195+00:00
leverca01,Caris LeVert,caris levert,2TM,77.0,2025-05-12 14:18:43.864195+00:00
barneha02,Harrison Barnes,harrison barnes,SAS,77.0,2025-05-12 14:18:43.864195+00:00
clarkbr01,Brandon Clarke,brandon clarke,MEM,77.0,2025-05-12 14:18:43.864195+00:00
robindu01,Duncan Robinson,duncan robinson,MIA,77.0,2025-05-12 14:18:43.864195+00:00
plumlma01,Mason Plumlee,mason plumlee,PHO,77.0,2025-05-12 14:18:43.864195+00:00
jonesde02,Derrick Jones Jr.,derrick jones,LAC,77.0,2025-05-12 14:18:43.864195+00:00
westbru01,Russell Westbrook,russell westbrook,DEN,77.0,2025-05-12 14:18:43.864195+00:00
smithja04,Jalen Smith,jalen smith,CHI,77.0,2025-05-12 14:18:43.864195+00:00
carrica01,Bub Carrington,bub carrington,WAS,76.6,2025-05-12 14:18:43.864195+00:00
mobleis01,Isaiah Mobley,isaiah mobley,PHI,76.3,2025-05-12 14:18:43.864195+00:00
baglema01,Marvin Bagley III,marvin bagley,2TM,76.0,2025-05-12 14:18:43.864195+00:00
lowryky01,Kyle Lowry,kyle lowry,PHI,76.0,2025-05-12 14:18:43.864195+00:00
moodymo01,Moses Moody,moses moody,GSW,76.0,2025-05-12 14:18:43.864195+00:00
alvarjo01,Jose Alvarado,jose alvarado,NOP,76.0,2025-05-12 14:18:43.864195+00:00
braunch01,Christian Braun,christian braun,DEN,76.0,2025-05-12 14:18:43.864195+00:00
saricda01,Dario Šarić,dario saric,DEN,76.0,2025-05-12 14:18:43.864195+00:00
mcbrimi01,Miles McBride,miles mcbride,NYK,76.0,2025-05-12 14:18:43.864195+00:00
willigr01,Grant Williams,grant williams,CHO,76.0,2025-05-12 14:18:43.864195+00:00
porteke02,Kevin Porter Jr.,kevin porter,2TM,76.0,2025-05-12 14:18:43.864195+00:00
jovicni01,Nikola Jović,nikola jovic,MIA,76.0,2025-05-12 14:18:43.864195+00:00
joneshe01,Herbert Jones,herbert jones,NOP,76.0,2025-05-12 14:18:43.864195+00:00
gordoer01,Eric Gordon,eric gordon,PHI,76.0,2025-05-12 14:18:43.864195+00:00
greenjo02,Josh Green,josh green,CHO,76.0,2025-05-12 14:18:43.864195+00:00
achiupr01,Precious Achiuwa,precious achiuwa,NYK,76.0,2025-05-12 14:18:43.864195+00:00
jackstr02,Trayce Jackson-Davis,trayce jacksondavis,GSW,76.0,2025-05-12 14:18:43.864195+00:00
burksal01,Alec Burks,alec burks,MIA,76.0,2025-05-12 14:18:43.864195+00:00
martica02,Caleb Martin,caleb martin,2TM,76.0,2025-05-12 14:18:43.864195+00:00
stewais01,Isaiah Stewart,isaiah stewart,DET,76.0,2025-05-12 14:18:43.864195+00:00
kornelu01,Luke Kornet,luke kornet,BOS,76.0,2025-05-12 14:18:43.864195+00:00
fontesi01,Simone Fontecchio,simone fontecchio,DET,76.0,2025-05-12 14:18:43.864195+00:00
anderky01,Kyle Anderson,kyle anderson,2TM,76.0,2025-05-12 14:18:43.864195+00:00
mannte01,Terance Mann,terance mann,2TM,76.0,2025-05-12 14:18:43.864195+00:00
looneke01,Kevon Looney,kevon looney,GSW,76.0,2025-05-12 14:18:43.864195+00:00
hardati02,Tim Hardaway Jr.,tim hardaway,DET,76.0,2025-05-12 14:18:43.864195+00:00
willipa01,Patrick Williams,patrick williams,CHI,76.0,2025-05-12 14:18:43.864195+00:00
kennalu01,Luke Kennard,luke kennard,MEM,76.0,2025-05-12 14:18:43.864195+00:00
loveke01,Kevin Love,kevin love,MIA,76.0,2025-05-12 14:18:43.864195+00:00
dickgr01,Gradey Dick,gradey dick,TOR,76.0,2025-05-12 14:18:43.864195+00:00
aldamsa01,Santi Aldama,santi aldama,MEM,76.0,2025-05-12 14:18:43.864195+00:00
nancela02,Larry Nance Jr.,larry nance,ATL,76.0,2025-05-12 14:18:43.864195+00:00
wallaca01,Cason Wallace,cason wallace,OKC,76.0,2025-05-12 14:18:43.864195+00:00
landajo01,Jock Landale,jock landale,HOU,76.0,2025-05-12 14:18:43.864195+00:00
hendrta01,Taylor Hendricks,taylor hendricks,UTA,76.0,2025-05-12 14:18:43.864195+00:00
simmobe01,Ben Simmons,ben simmons,2TM,76.0,2025-05-12 14:18:43.864195+00:00
manntr01,Tre Mann,tre mann,CHO,76.0,2025-05-12 14:18:43.864195+00:00
okorois01,Isaac Okoro,isaac okoro,CLE,76.0,2025-05-12 14:18:43.864195+00:00
jacksis01,Isaiah Jackson,isaiah jackson,IND,76.0,2025-05-12 14:18:43.864195+00:00
finnedo01,Dorian Finney-Smith,dorian finneysmith,2TM,76.0,2025-05-12 14:18:43.864195+00:00
hayeski01,Killian Hayes,killian hayes,BRK,75.8,2025-05-12 14:18:43.864195+00:00
edwarju01,Justin Edwards,justin edwards,PHI,75.4,2025-05-12 14:18:43.864195+00:00
horfoal01,Al Horford,al horford,BOS,75.1,2025-05-12 14:18:43.864195+00:00
harriga01,Gary Harris,gary harris,ORL,75.0,2025-05-12 14:18:43.864195+00:00
batumni01,Nicolas Batum,nicolas batum,LAC,75.0,2025-05-12 14:18:43.864195+00:00
payneca01,Cameron Payne,cameron payne,NYK,75.0,2025-05-12 14:18:43.864195+00:00
risacza01,Zaccharie Risacher,zaccharie risacher,ATL,75.0,2025-05-12 14:18:43.864195+00:00
lylestr01,Trey Lyles,trey lyles,SAC,75.0,2025-05-12 14:18:43.864195+00:00
willija07,Jaylin Williams,jaylin williams,OKC,75.0,2025-05-12 14:18:43.864195+00:00
princta02,Taurean Prince,taurean prince,MIL,75.0,2025-05-12 14:18:43.864195+00:00
watsope01,Peyton Watson,peyton watson,DEN,75.0,2025-05-12 14:18:43.864195+00:00
reedpa01,Paul Reed,paul reed,DET,75.0,2025-05-12 14:18:43.864195+00:00
richajo01,Josh Richardson,josh richardson,MIA,75.0,2025-05-12 14:18:43.864195+00:00
beaslma01,Malik Beasley,malik beasley,DET,75.0,2025-05-12 14:18:43.864195+00:00
wrighde01,Delon Wright,delon wright,2TM,75.0,2025-05-12 14:18:43.864195+00:00
hausesa01,Sam Hauser,sam hauser,BOS,75.0,2025-05-12 14:18:43.864195+00:00
bantoda01,Dalano Banton,dalano banton,POR,75.0,2025-05-12 14:18:43.864195+00:00
onealro01,Royce O'Neale,royce oneale,PHO,75.0,2025-05-12 14:18:43.864195+00:00
exumda01,Dante Exum,dante exum,DAL,75.0,2025-05-12 14:18:43.864195+00:00
morrimo01,Monte Morris,monte morris,PHO,75.0,2025-05-12 14:18:43.864195+00:00
branhma01,Malaki Branham,malaki branham,SAS,75.0,2025-05-12 14:18:43.864195+00:00
micicva01,Vasilije Micić,vasilije micic,2TM,75.0,2025-05-12 14:18:43.864195+00:00
bolbo01,Bol Bol,bol bol,PHO,75.0,2025-05-12 14:18:43.864195+00:00
dunnkr01,Kris Dunn,kris dunn,LAC,75.0,2025-05-12 14:18:43.864195+00:00
paytoga02,Gary Payton II,gary payton,GSW,75.0,2025-05-12 14:18:43.864195+00:00
martico01,Cody Martin,cody martin,2TM,75.0,2025-05-12 14:18:43.864195+00:00
huertke01,Kevin Huerter,kevin huerter,2TM,75.0,2025-05-12 14:18:43.864195+00:00
marshna01,Naji Marshall,naji marshall,DAL,75.0,2025-05-12 14:18:43.864195+00:00
wisemja01,James Wiseman,james wiseman,IND,75.0,2025-05-12 14:18:43.864195+00:00
brookke02,Keion Brooks Jr.,keion brooks,NOP,74.9,2025-05-12 14:18:43.864195+00:00
goodwjo01,Jordan Goodwin,jordan goodwin,LAL,74.8,2025-05-12 14:18:43.864195+00:00
bostobr01,Brandon Boston Jr.,brandon boston,NOP,74.6,2025-05-12 14:18:43.864195+00:00
brissos01,Oshae Brissett,oshae brissett,PHI,74.6,2025-05-12 14:18:43.864195+00:00
baughda01,Damion Baugh,damion baugh,CHO,74.5,2025-05-12 14:18:43.864195+00:00
nowelja01,Jaylen Nowell,jaylen nowell,NOP,74.5,2025-05-12 14:18:43.864195+00:00
baglema02,Marcus Bagley,marcus bagley,PHI,74.5,2025-05-12 14:18:43.864195+00:00
nfalyda01,N'Faly Dante,nfaly dante,HOU,74.1,2025-05-12 14:18:43.864195+00:00
watfotr01,Trendon Watford,trendon watford,BRK,74.0,2025-05-12 14:18:43.864195+00:00
bouchch01,Chris Boucher,chris boucher,TOR,74.0,2025-05-12 14:18:43.864195+00:00
laravja01,Jake LaRavia,jake laravia,2TM,74.0,2025-05-12 14:18:43.864195+00:00
grimequ01,Quentin Grimes,quentin grimes,2TM,74.0,2025-05-12 14:18:43.864195+00:00
daniedy01,Dyson Daniels,dyson daniels,ATL,74.0,2025-05-12 14:18:43.864195+00:00
connapa01,Pat Connaughton,pat connaughton,MIL,74.0,2025-05-12 14:18:43.864195+00:00
greenje02,Jeff Green,jeff green,HOU,74.0,2025-05-12 14:18:43.864195+00:00
sharpda01,Day'Ron Sharpe,dayron sharpe,BRK,74.0,2025-05-12 14:18:43.864195+00:00
thybuma01,Matisse Thybulle,matisse thybulle,POR,74.0,2025-05-12 14:18:43.864195+00:00
sassema01,Marcus Sasser,marcus sasser,DET,74.0,2025-05-12 14:18:43.864195+00:00
vincega01,Gabe Vincent,gabe vincent,LAL,74.0,2025-05-12 14:18:43.864195+00:00
martike04,KJ Martin,kj martin,2TM,74.0,2025-05-12 14:18:43.864195+00:00
highsha01,Haywood Highsmith,haywood highsmith,MIA,74.0,2025-05-12 14:18:43.864195+00:00
merrisa01,Sam Merrill,sam merrill,CLE,74.0,2025-05-12 14:18:43.864195+00:00
holmeri01,Richaun Holmes,richaun holmes,WAS,74.0,2025-05-12 14:18:43.864195+00:00
okogijo01,Josh Okogie,josh okogie,2TM,74.0,2025-05-12 14:18:43.864195+00:00
hylanbo01,Bones Hyland,bones hyland,2TM,74.0,2025-05-12 14:18:43.864195+00:00
walkeja02,Jarace Walker,jarace walker,IND,74.0,2025-05-12 14:18:43.864195+00:00
walkelo01,Lonnie Walker IV,lonnie walker,PHI,74.0,2025-05-12 14:18:43.864195+00:00
leeda03,Damion Lee,damion lee,PHO,74.0,2025-05-12 14:18:43.864195+00:00
reathdu01,Duop Reath,duop reath,POR,74.0,2025-05-12 14:18:43.864195+00:00
dinwisp01,Spencer Dinwiddie,spencer dinwiddie,DAL,74.0,2025-05-12 14:18:43.864195+00:00
jordade01,DeAndre Jordan,deandre jordan,DEN,74.0,2025-05-12 14:18:43.864195+00:00
clownno01,Noah Clowney,noah clowney,BRK,74.0,2025-05-12 14:18:43.864195+00:00
camarto01,Toumani Camara,toumani camara,POR,74.0,2025-05-12 14:18:43.864195+00:00
yabusgu01,Guerschon Yabusele,guerschon yabusele,PHI,74.0,2025-05-12 14:18:43.864195+00:00
jacksre01,Reggie Jackson,reggie jackson,PHI,74.0,2025-05-12 14:18:43.864195+00:00
theisda01,Daniel Theis,daniel theis,NOP,74.0,2025-05-12 14:18:43.864195+00:00
craigto01,Torrey Craig,torrey craig,2TM,74.0,2025-05-12 14:18:43.864195+00:00
greenja02,Javonte Green,javonte green,2TM,74.0,2025-05-12 14:18:43.864195+00:00
walkeja01,Jabari Walker,jabari walker,POR,74.0,2025-05-12 14:18:43.864195+00:00
waterli01,Lindy Waters III,lindy waters,2TM,74.0,2025-05-12 14:18:43.864195+00:00
eubandr01,Drew Eubanks,drew eubanks,2TM,74.0,2025-05-12 14:18:43.864195+00:00
blackan01,Anthony Black,anthony black,ORL,74.0,2025-05-12 14:18:43.864195+00:00
klebima01,Maxi Kleber,maxi kleber,DAL,74.0,2025-05-12 14:18:43.864195+00:00
inglejo01,Joe Ingles,joe ingles,MIN,74.0,2025-05-12 14:18:43.864195+00:00
mclaujo01,Jordan McLaughlin,jordan mclaughlin,2TM,74.0,2025-05-12 14:18:43.864195+00:00
tillmxa01,Xavier Tillman Sr.,xavier tillman,BOS,74.0,2025-05-12 14:18:43.864195+00:00
pippesc02,Scotty Pippen Jr.,scotty pippen,MEM,74.0,2025-05-12 14:18:43.864195+00:00
biyombi01,Bismack Biyombo,bismack biyombo,SAS,73.8,2025-05-12 14:18:43.864195+00:00
martity01,Tyrese Martin,tyrese martin,BRK,73.8,2025-05-12 14:18:43.864195+00:00
postqu01,Quinten Post,quinten post,GSW,73.8,2025-05-12 14:18:43.864195+00:00
whitmca01,Cam Whitmore,cam whitmore,HOU,73.8,2025-05-12 14:18:43.864195+00:00
garrema01,Marcus Garrett,marcus garrett,CHO,73.6,2025-05-12 14:18:43.864195+00:00
paytoel01,Elfrid Payton,elfrid payton,2TM,73.3,2025-05-12 14:18:43.864195+00:00
pottemi01,Micah Potter,micah potter,UTA,73.3,2025-05-12 14:18:43.864195+00:00
etienty01,Tyson Etienne,tyson etienne,BRK,73.3,2025-05-12 14:18:43.864195+00:00
tomlina01,Nae'Qwan Tomlin,naeqwan tomlin,CLE,73.2,2025-05-12 14:18:43.864195+00:00
simsja01,Jaylen Sims,jaylen sims,CHO,73.1,2025-05-12 14:18:43.864195+00:00
mamuksa01,Sandro Mamukelashvili,sandro mamukelashvili,SAS,73.0,2025-05-12 14:18:43.864195+00:00
champju02,Julian Champagnie,julian champagnie,SAS,73.0,2025-05-12 14:18:43.864195+00:00
tateja01,Jae'Sean Tate,jaesean tate,HOU,73.0,2025-05-12 14:18:43.864195+00:00
murrakr01,Kris Murray,kris murray,POR,73.0,2025-05-12 14:18:43.864195+00:00
carteje01,Jevon Carter,jevon carter,CHI,73.0,2025-05-12 14:18:43.864195+00:00
sheppre01,Reed Sheppard,reed sheppard,HOU,73.0,2025-05-12 14:18:43.864195+00:00
bambamo01,Mo Bamba,mo bamba,2TM,73.0,2025-05-12 14:18:43.864195+00:00
roddyda01,David Roddy,david roddy,3TM,73.0,2025-05-12 14:18:43.864195+00:00
diengou01,Ousmane Dieng,ousmane dieng,OKC,73.0,2025-05-12 14:18:43.864195+00:00
castlst01,Stephon Castle,stephon castle,SAS,73.0,2025-05-12 14:18:43.864195+00:00
agbajoc01,Ochai Agbaji,ochai agbaji,TOR,73.0,2025-05-12 14:18:43.864195+00:00
hawkijo01,Jordan Hawkins,jordan hawkins,NOP,73.0,2025-05-12 14:18:43.864195+00:00
poweldw01,Dwight Powell,dwight powell,DAL,73.0,2025-05-12 14:18:43.864195+00:00
mykhasv01,Svi Mykhailiuk,svi mykhailiuk,UTA,73.0,2025-05-12 14:18:43.864195+00:00
beaucma01,MarJon Beauchamp,marjon beauchamp,3TM,73.0,2025-05-12 14:18:43.864195+00:00
reddica01,Cam Reddish,cam reddish,LAL,73.0,2025-05-12 14:18:43.864195+00:00
terryda01,Dalen Terry,dalen terry,CHI,73.0,2025-05-12 14:18:43.864195+00:00
chrisma02,Max Christie,max christie,2TM,73.0,2025-05-12 14:18:43.864195+00:00
coffeam01,Amir Coffey,amir coffey,LAC,73.0,2025-05-12 14:18:43.864195+00:00
strawju01,Julian Strawther,julian strawther,DEN,73.0,2025-05-12 14:18:43.864195+00:00
bassech01,Charles Bassey,charles bassey,SAS,73.0,2025-05-12 14:18:43.864195+00:00
willizi02,Ziaire Williams,ziaire williams,BRK,73.0,2025-05-12 14:18:43.864195+00:00
hayesja02,Jaxson Hayes,jaxson hayes,LAL,73.0,2025-05-12 14:18:43.864195+00:00
niangge01,Georges Niang,georges niang,2TM,73.0,2025-05-12 14:18:43.864195+00:00
holidaa01,Aaron Holiday,aaron holiday,HOU,73.0,2025-05-12 14:18:43.864195+00:00
hardyja02,Jaden Hardy,jaden hardy,DAL,73.0,2025-05-12 14:18:43.864195+00:00
councri01,Ricky Council IV,ricky council,PHI,73.0,2025-05-12 14:18:43.864195+00:00
bitadgo01,Goga Bitadze,goga bitadze,ORL,73.0,2025-05-12 14:18:43.864195+00:00
clingdo01,Donovan Clingan,donovan clingan,POR,73.0,2025-05-12 14:18:43.864195+00:00
curryse01,Seth Curry,seth curry,CHO,73.0,2025-05-12 14:18:43.864195+00:00
willike04,Kenrich Williams,kenrich williams,OKC,73.0,2025-05-12 14:18:43.864195+00:00
okekech01,Chuma Okeke,chuma okeke,2TM,73.0,2025-05-12 14:18:43.864195+00:00
quinole01,Lester Quiñones,lester quinones,2TM,72.9,2025-05-12 14:18:43.864195+00:00
harpero02,Ron Harper Jr.,ron harper,DET,72.7,2025-05-12 14:18:43.864195+00:00
rhodeja01,Jared Rhoden,jared rhoden,2TM,72.5,2025-05-12 14:18:43.864195+00:00
kelleky01,Kylor Kelley,kylor kelley,2TM,72.5,2025-05-12 14:18:43.864195+00:00
shamela01,Landry Shamet,landry shamet,NYK,72.3,2025-05-12 14:18:43.864195+00:00
bradlto01,Tony Bradley,tony bradley,IND,72.3,2025-05-12 14:18:43.864195+00:00
morrima02,Markieff Morris,markieff morris,2TM,72.3,2025-05-12 14:18:43.864195+00:00
reeseal01,Alex Reese,alex reese,2TM,72.2,2025-05-12 14:18:43.864195+00:00
battlja01,Jamison Battle,jamison battle,TOR,72.2,2025-05-12 14:18:43.864195+00:00
brownmo01,Moses Brown,moses brown,2TM,72.2,2025-05-12 14:18:43.864195+00:00
mooreta02,Taze Moore,taze moore,POR,72.1,2025-05-12 14:18:43.864195+00:00
jacksan01,Andre Jackson Jr.,andre jackson,MIL,72.1,2025-05-12 14:18:43.864195+00:00
jeffrda01,DaQuan Jeffries,daquan jeffries,CHO,72.1,2025-05-12 14:18:43.864195+00:00
jeromty01,Ty Jerome,ty jerome,CLE,72.0,2025-05-12 14:18:43.864195+00:00
bufkiko01,Kobe Bufkin,kobe bufkin,ATL,72.0,2025-05-12 14:18:43.864195+00:00
miltosh01,Shake Milton,shake milton,2TM,72.0,2025-05-12 14:18:43.864195+00:00
simsje01,Jericho Sims,jericho sims,2TM,72.0,2025-05-12 14:18:43.864195+00:00
konchjo01,John Konchar,john konchar,MEM,72.0,2025-05-12 14:18:43.864195+00:00
gillan01,Anthony Gill,anthony gill,WAS,72.0,2025-05-12 14:18:43.864195+00:00
cancavl01,Vlatko Čančar,vlatko cancar,DEN,72.0,2025-05-12 14:18:43.864195+00:00
nnajize01,Zeke Nnaji,zeke nnaji,DEN,72.0,2025-05-12 14:18:43.864195+00:00
weslebl01,Blake Wesley,blake wesley,SAS,72.0,2025-05-12 14:18:43.864195+00:00
edeyza01,Zach Edey,zach edey,MEM,72.0,2025-05-12 14:18:43.864195+00:00
duartch01,Chris Duarte,chris duarte,CHI,72.0,2025-05-12 14:18:43.864195+00:00
mcdanja01,Jalen McDaniels,jalen mcdaniels,WAS,72.0,2025-05-12 14:18:43.864195+00:00
millspa02,Patty Mills,patty mills,2TM,72.0,2025-05-12 14:18:43.864195+00:00
buzelma01,Matas Buzelis,matas buzelis,CHI,72.0,2025-05-12 14:18:43.864195+00:00
norrimi01,Miles Norris,miles norris,BOS,72.0,2025-05-12 14:18:43.864195+00:00
robinje02,Jeremiah Robinson-Earl,jeremiah robinsonearl,NOP,72.0,2025-05-12 14:18:43.864195+00:00
hoodsja01,Jalen Hood-Schifino,jalen hoodschifino,2TM,72.0,2025-05-12 14:18:43.864195+00:00
greenaj01,A.J. Green,aj green,MIL,72.0,2025-05-12 14:18:43.864195+00:00
mathega01,Garrison Mathews,garrison mathews,ATL,72.0,2025-05-12 14:18:43.864195+00:00
wadede01,Dean Wade,dean wade,CLE,72.0,2025-05-12 14:18:43.864195+00:00
hollaro01,Ron Holland,ron holland,DET,72.0,2025-05-12 14:18:43.864195+00:00
mitchda01,Davion Mitchell,davion mitchell,2TM,72.0,2025-05-12 14:18:43.864195+00:00
prospol01,Olivier-Maxence Prosper,oliviermaxence prosper,DAL,72.0,2025-05-12 14:18:43.864195+00:00
josepco01,Cory Joseph,cory joseph,ORL,72.0,2025-05-12 14:18:43.864195+00:00
dilliro01,Rob Dillingham,rob dillingham,MIN,72.0,2025-05-12 14:18:43.864195+00:00
houstca01,Caleb Houstan,caleb houstan,ORL,72.0,2025-05-12 14:18:43.864195+00:00
sensabr01,Brice Sensabaugh,brice sensabaugh,UTA,72.0,2025-05-12 14:18:43.864195+00:00
portecr01,Craig Porter Jr.,craig porter,CLE,72.0,2025-05-12 14:18:43.864195+00:00
smithni01,Nick Smith Jr.,nick smith,CHO,72.0,2025-05-12 14:18:43.864195+00:00
jemistr01,Trey Jemison,trey jemison,2TM,72.0,2025-05-12 14:18:43.864195+00:00
hortota01,Talen Horton-Tucker,talen hortontucker,CHI,71.9,2025-05-12 14:18:43.864195+00:00
kolokch01,Christian Koloko,christian koloko,LAL,71.7,2025-05-12 14:18:43.864195+00:00
stevela01,Lamar Stevens,lamar stevens,MEM,71.6,2025-05-12 14:18:43.864195+00:00
plowdda01,Daeqwon Plowden,daeqwon plowden,ATL,71.5,2025-05-12 14:18:43.864195+00:00
doziepj01,PJ Dozier,pj dozier,MIN,71.0,2025-05-12 14:18:43.864195+00:00
salauti01,Tidjane Salaün,tidjane salaun,CHO,71.0,2025-05-12 14:18:43.864195+00:00
robinor01,Orlando Robinson,orlando robinson,2TM,71.0,2025-05-12 14:18:43.864195+00:00
sheppbe01,Ben Sheppard,ben sheppard,IND,71.0,2025-05-12 14:18:43.864195+00:00
rolliry01,Ryan Rollins,ryan rollins,MIL,71.0,2025-05-12 14:18:43.864195+00:00
smithdr01,Dru Smith,dru smith,MIA,71.0,2025-05-12 14:18:43.864195+00:00
matkoka01,Karlo Matković,karlo matkovic,NOP,71.0,2025-05-12 14:18:43.864195+00:00
whiteda01,Dariq Whitehead,dariq whitehead,BRK,71.0,2025-05-12 14:18:43.864195+00:00
ryanma01,Matt Ryan,matt ryan,NYK,71.0,2025-05-12 14:18:43.864195+00:00
mcgowbr01,Bryce McGowens,bryce mcgowens,POR,71.0,2025-05-12 14:18:43.864195+00:00
tuckepj01,P.J. Tucker,pj tucker,NYK,71.0,2025-05-12 14:18:43.864195+00:00
sprinja01,Jaden Springer,jaden springer,2TM,71.0,2025-05-12 14:18:43.864195+00:00
wilsoja03,Jalen Wilson,jalen wilson,BRK,71.0,2025-05-12 14:18:43.864195+00:00
fernabr01,Bruno Fernando,bruno fernando,TOR,71.0,2025-05-12 14:18:43.864195+00:00
washity02,TyTy Washington Jr.,tyty washington,PHO,71.0,2025-05-12 14:18:43.864195+00:00
lawsoaj01,A.J. Lawson,aj lawson,TOR,71.0,2025-05-12 14:18:43.864195+00:00
knechda01,Dalton Knecht,dalton knecht,LAL,71.0,2025-05-12 14:18:43.864195+00:00
santogu01,Gui Santos,gui santos,GSW,71.0,2025-05-12 14:18:43.864195+00:00
jonesco02,Colby Jones,colby jones,2TM,71.0,2025-05-12 14:18:43.864195+00:00
willico04,Cody Williams,cody williams,UTA,71.0,2025-05-12 14:18:43.864195+00:00
howarje01,Jett Howard,jett howard,ORL,71.0,2025-05-12 14:18:43.864195+00:00
butleja02,Jared Butler,jared butler,2TM,71.0,2025-05-12 14:18:43.864195+00:00
champju01,Justin Champagnie,justin champagnie,WAS,71.0,2025-05-12 14:18:43.864195+00:00
shannte01,Terrence Shannon Jr.,terrence shannon,MIN,71.0,2025-05-12 14:18:43.864195+00:00
quetane01,Neemias Queta,neemias queta,BOS,71.0,2025-05-12 14:18:43.864195+00:00
gibsota01,Taj Gibson,taj gibson,CHO,71.0,2025-05-12 14:18:43.864195+00:00
garzalu01,Luka Garza,luka garza,MIN,71.0,2025-05-12 14:18:43.864195+00:00
lenal01,Alex Len,alex len,2TM,71.0,2025-05-12 14:18:43.864195+00:00
baldwpa01,Patrick Baldwin Jr.,patrick baldwin,2TM,71.0,2025-05-12 14:18:43.864195+00:00
cartede02,Devin Carter,devin carter,SAC,71.0,2025-05-12 14:18:43.864195+00:00
bryanth01,Thomas Bryant,thomas bryant,2TM,71.0,2025-05-12 14:18:43.864195+00:00
harklej01,Elijah Harkless,elijah harkless,UTA,70.9,2025-05-12 14:18:43.864195+00:00
colliyu01,Yuri Collins,yuri collins,GSW,70.9,2025-05-12 14:18:43.864195+00:00
thomptr01,Tristan Thompson,tristan thompson,CLE,70.9,2025-05-12 14:18:43.864195+00:00
beekmre01,Reece Beekman,reece beekman,2TM,70.8,2025-05-12 14:18:43.864195+00:00
kawamyu01,Yuki Kawamura,yuki kawamura,MEM,70.7,2025-05-12 14:18:43.864195+00:00
wongis01,Isaiah Wong,isaiah wong,CHO,70.7,2025-05-12 14:18:43.864195+00:00
carlsbr01,Branden Carlson,branden carlson,OKC,70.5,2025-05-12 14:18:43.864195+00:00
jenkida01,Daniss Jenkins,daniss jenkins,DET,70.3,2025-05-12 14:18:43.864195+00:00
roweja01,Jackson Rowe,jackson rowe,GSW,70.3,2025-05-12 14:18:43.864195+00:00
fultzma01,Markelle Fultz,markelle fultz,SAC,70.3,2025-05-12 14:18:43.864195+00:00
johnske10,Keshad Johnson,keshad johnson,MIA,70.3,2025-05-12 14:18:43.864195+00:00
jonesis01,Isaac Jones,isaac jones,SAC,70.3,2025-05-12 14:18:43.864195+00:00
crowdja01,Jae Crowder,jae crowder,SAC,70.3,2025-05-12 14:18:43.864195+00:00
bridgja01,Jalen Bridges,jalen bridges,PHO,70.2,2025-05-12 14:18:43.864195+00:00
edwarje01,Jesse Edwards,jesse edwards,MIN,70.2,2025-05-12 14:18:43.864195+00:00
flynnma01,Malachi Flynn,malachi flynn,CHO,70.2,2025-05-12 14:18:43.864195+00:00
wheelph02,Phillip Wheeler,phillip wheeler,PHI,70.2,2025-05-12 14:18:43.864195+00:00
travelu01,Luke Travers,luke travers,CLE,70.2,2025-05-12 14:18:43.864195+00:00
daviste02,Terence Davis,terence davis,SAC,70.1,2025-05-12 14:18:43.864195+00:00
knoxke01,Kevin Knox,kevin knox,GSW,70.1,2025-05-12 14:18:43.864195+00:00
youngja05,Jahmir Young,jahmir young,CHI,70.1,2025-05-12 14:18:43.864195+00:00
walteja01,Ja'Kobe Walter,jakobe walter,TOR,70.0,2025-05-12 14:18:43.864195+00:00
krejcvi01,Vit Krejci,vit krejci,ATL,70.0,2025-05-12 14:18:43.864195+00:00
dasiltr01,Tristan Da Silva,tristan da silva,ORL,70.0,2025-05-12 14:18:43.864195+00:00
gueyemo02,Mouhamed Gueye,mouhamed gueye,ATL,70.0,2025-05-12 14:18:43.864195+00:00
dowtije01,Jeff Dowtin,jeff dowtin,PHI,70.0,2025-05-12 14:18:43.864195+00:00
okafoja01,Jahlil Okafor,jahlil okafor,IND,70.0,2025-05-12 14:18:43.864195+00:00
armeltr01,Armel Traoré,armel traore,LAL,70.0,2025-05-12 14:18:43.864195+00:00
taylote01,Terry Taylor,terry taylor,SAC,70.0,2025-05-12 14:18:43.864195+00:00
nancepe01,Pete Nance,pete nance,2TM,70.0,2025-05-12 14:18:43.864195+00:00
robbili01,Liam Robbins,liam robbins,MIL,70.0,2025-05-12 14:18:43.864195+00:00
dunnry01,Ryan Dunn,ryan dunn,PHO,70.0,2025-05-12 14:18:43.864195+00:00
simpskj01,KJ Simpson,kj simpson,CHO,70.0,2025-05-12 14:18:43.864195+00:00
willibr03,Brandon Williams,brandon williams,DAL,70.0,2025-05-12 14:18:43.864195+00:00
cainja01,Jamal Cain,jamal cain,NOP,70.0,2025-05-12 14:18:43.864195+00:00
wareke01,Kel'el Ware,kelel ware,MIA,70.0,2025-05-12 14:18:43.864195+00:00
barlodo01,Dominick Barlow,dominick barlow,ATL,70.0,2025-05-12 14:18:43.864195+00:00
thorjt01,JT Thor,jt thor,2TM,70.0,2025-05-12 14:18:43.864195+00:00
vukcetr01,Tristan Vukcevic,tristan vukcevic,WAS,70.0,2025-05-12 14:18:43.864195+00:00
moorewe01,Wendell Moore Jr.,wendell moore,2TM,70.0,2025-05-12 14:18:43.864195+00:00
phillju01,Julian Phillips,julian phillips,CHI,70.0,2025-05-12 14:18:43.864195+00:00
pickeja02,Jalen Pickett,jalen pickett,DEN,70.0,2025-05-12 14:18:43.864195+00:00
missiyv01,Yves Missi,yves missi,NOP,70.0,2025-05-12 14:18:43.864195+00:00
evbuoto01,Tosan Evbuomwan,tosan evbuomwan,BRK,70.0,2025-05-12 14:18:43.864195+00:00
georgky01,Kyshawn George,kyshawn george,WAS,70.0,2025-05-12 14:18:43.864195+00:00
colliis01,Isaiah Collier,isaiah collier,UTA,70.0,2025-05-12 14:18:43.864195+00:00
tysonja01,Jaylon Tyson,jaylon tyson,CLE,70.0,2025-05-12 14:18:43.864195+00:00
tysonhu01,Hunter Tyson,hunter tyson,DEN,70.0,2025-05-12 14:18:43.864195+00:00
minotjo01,Josh Minott,josh minott,MIN,70.0,2025-05-12 14:18:43.864195+00:00
ruperra01,Rayan Rupert,rayan rupert,POR,70.0,2025-05-12 14:18:43.864195+00:00
templga01,Garrett Temple,garrett temple,TOR,70.0,2025-05-12 14:18:43.864195+00:00
walshjo01,Jordan Walsh,jordan walsh,BOS,70.0,2025-05-12 14:18:43.864195+00:00
cissosi01,Sidy Cissoko,sidy cissoko,2TM,70.0,2025-05-12 14:18:43.864195+00:00
davisjo06,Johnny Davis,johnny davis,WAS,70.0,2025-05-12 14:18:43.864195+00:00
peterdr01,Drew Peterson,drew peterson,BOS,70.0,2025-05-12 14:18:43.864195+00:00
mccaija01,Jared McCain,jared mccain,PHI,70.0,2025-05-12 14:18:43.864195+00:00
chrisjo01,Josh Christopher,josh christopher,MIA,70.0,2025-05-12 14:18:43.864195+00:00
brownko01,Kobe Brown,kobe brown,LAC,70.0,2025-05-12 14:18:43.864195+00:00
filipky01,Kyle Filipowski,kyle filipowski,UTA,70.0,2025-05-12 14:18:43.864195+00:00
kolekty01,Tyler Kolek,tyler kolek,NYK,70.0,2025-05-12 14:18:43.864195+00:00
furphjo01,Johnny Furphy,johnny furphy,IND,70.0,2025-05-12 14:18:43.864195+00:00
millele01,Leonard Miller,leonard miller,MIN,70.0,2025-05-12 14:18:43.864195+00:00
johnsja01,James Johnson,james johnson,IND,70.0,2025-05-12 14:18:43.864195+00:00
umudest01,Stanley Umude,stanley umude,MIL,70.0,2025-05-12 14:18:43.864195+00:00
milleem01,Emanuel Miller,emanuel miller,CHI,70.0,2025-05-12 14:18:43.864195+00:00
jonessp01,Spencer Jones,spencer jones,DEN,70.0,2025-05-12 14:18:43.864195+00:00
liddeej01,E.J. Liddell,ej liddell,CHI,69.9,2025-05-12 14:18:43.864195+00:00
flowetr01,Trentyn Flowers,trentyn flowers,LAC,69.9,2025-05-12 14:18:43.864195+00:00
sanogad01,Adama Sanogo,adama sanogo,CHI,69.9,2025-05-12 14:18:43.864195+00:00
minixri01,Riley Minix,riley minix,SAS,69.9,2025-05-12 14:18:43.864195+00:00
mccluma01,Mac McClung,mac mcclung,ORL,69.9,2025-05-12 14:18:43.864195+00:00
ducasal01,Alex Ducas,alex ducas,OKC,69.8,2025-05-12 14:18:43.864195+00:00
cuiyo01,Cui Yongxi,cui yongxi,BRK,69.8,2025-05-12 14:18:43.864195+00:00
olivaqu01,Quincy Olivari,quincy olivari,LAL,69.8,2025-05-12 14:18:43.864195+00:00
willije02,Jeenathan Williams,jeenathan williams,HOU,69.8,2025-05-12 14:18:43.864195+00:00
keybr01,Braxton Key,braxton key,GSW,69.8,2025-05-12 14:18:43.864195+00:00
dennira01,RayJ Dennis,rayj dennis,IND,69.8,2025-05-12 14:18:43.864195+00:00
pullizy01,Zyon Pullin,zyon pullin,MEM,69.8,2025-05-12 14:18:43.864195+00:00
alexatr01,Trey Alexander,trey alexander,DEN,69.6,2025-05-12 14:18:43.864195+00:00
crawfis01,Isaiah Crawford,isaiah crawford,SAC,69.5,2025-05-12 14:18:43.864195+00:00
hallpj01,PJ Hall,pj hall,DEN,69.5,2025-05-12 14:18:43.864195+00:00
leonsma01,Malevy Leons,malevy leons,OKC,69.4,2025-05-12 14:18:43.864195+00:00
labissk01,Skal Labissière,skal labissiere,SAC,69.4,2025-05-12 14:18:43.864195+00:00
mcveija01,Jack McVeigh,jack mcveigh,HOU,69.4,2025-05-12 14:18:43.864195+00:00
willial06,Alondes Williams,alondes williams,DET,69.4,2025-05-12 14:18:43.864195+00:00
gortmja01,Jazian Gortman,jazian gortman,DAL,69.3,2025-05-12 14:18:43.864195+00:00
steveis01,Isaiah Stevens,isaiah stevens,MIA,69.3,2025-05-12 14:18:43.864195+00:00
mcderdo01,Doug McDermott,doug mcdermott,SAC,69.3,2025-05-12 14:18:43.864195+00:00
ingraha01,Harrison Ingram,harrison ingram,SAS,69.0,2025-05-12 14:18:43.864195+00:00
dadiepa01,Pacome Dadiet,pacome dadiet,NYK,69.0,2025-05-12 14:18:43.864195+00:00
nixda01,Daishen Nix,daishen nix,MIN,69.0,2025-05-12 14:18:43.864195+00:00
livinch01,Chris Livingston,chris livingston,MIL,69.0,2025-05-12 14:18:43.864195+00:00
minayju01,Justin Minaya,justin minaya,POR,69.0,2025-05-12 14:18:43.864195+00:00
gilleco01,Collin Gillespie,collin gillespie,PHO,69.0,2025-05-12 14:18:43.864195+00:00
diabamo01,Moussa Diabaté,moussa diabate,CHO,69.0,2025-05-12 14:18:43.864195+00:00
mogbojo01,Jonathan Mogbo,jonathan mogbo,TOR,69.0,2025-05-12 14:18:43.864195+00:00
bonaad01,Adem Bona,adem bona,PHI,69.0,2025-05-12 14:18:43.864195+00:00
joneska01,Kai Jones,kai jones,2TM,69.0,2025-05-12 14:18:43.864195+00:00
mcculke01,Kevin McCullar Jr.,kevin mccullar,NYK,69.0,2025-05-12 14:18:43.864195+00:00
jonesdi01,Dillon Jones,dillon jones,OKC,69.0,2025-05-12 14:18:43.864195+00:00
klintbo01,Bobi Klintman,bobi klintman,DET,69.0,2025-05-12 14:18:43.864195+00:00
dukeda01,David Duke Jr.,david duke,SAS,69.0,2025-05-12 14:18:43.864195+00:00
scheiba01,Baylor Scheierman,baylor scheierman,BOS,69.0,2025-05-12 14:18:43.864195+00:00
lewisma05,Maxwell Lewis,maxwell lewis,2TM,69.0,2025-05-12 14:18:43.864195+00:00
edwarke02,Kessler Edwards,kessler edwards,DAL,69.0,2025-05-12 14:18:43.864195+00:00
jonesma05,Mason Jones,mason jones,SAC,69.0,2025-05-12 14:18:43.864195+00:00
smithty02,Tyler Smith,tyler smith,MIL,69.0,2025-05-12 14:18:43.864195+00:00
davisjd01,JD Davison,jd davison,BOS,69.0,2025-05-12 14:18:43.864195+00:00
tshieos01,Oscar Tshiebwe,oscar tshiebwe,UTA,69.0,2025-05-12 14:18:43.864195+00:00
juzanjo01,Johnny Juzang,johnny juzang,UTA,69.0,2025-05-12 14:18:43.864195+00:00
sheadja01,Jamal Shead,jamal shead,TOR,69.0,2025-05-12 14:18:43.864195+00:00
johnsaj01,AJ Johnson,aj johnson,2TM,69.0,2025-05-12 14:18:43.864195+00:00
johnske07,Keon Johnson,keon johnson,BRK,69.0,2025-05-12 14:18:43.864195+00:00
hukpoar01,Ariel Hukporti,ariel hukporti,NYK,68.0,2025-05-12 14:18:43.864195+00:00
jamesbr02,Bronny James,bronny james,LAL,68.0,2025-05-12 14:18:43.864195+00:00
spencca01,Cam Spencer,cam spencer,MEM,68.0,2025-05-12 14:18:43.864195+00:00
clarkja02,Jaylen Clark,jaylen clark,MIN,68.0,2025-05-12 14:18:43.864195+00:00
spencpa01,Pat Spencer,pat spencer,GSW,68.0,2025-05-12 14:18:43.864195+00:00
chrisca02,Cam Christie,cam christie,LAC,68.0,2025-05-12 14:18:43.864195+00:00
chomcul01,Ulrich Chomche,ulrich chomche,TOR,68.0,2025-05-12 14:18:43.864195+00:00
newtotr01,Tristen Newton,tristen newton,2TM,68.0,2025-05-12 14:18:43.864195+00:00
watsoan02,Anton Watson,anton watson,NYK,68.0,2025-05-12 14:18:43.864195+00:00
cartodj01,D.J. Carton,dj carton,TOR,68.0,2025-05-12 14:18:43.864195+00:00
freemen01,Enrique Freeman,enrique freeman,IND,68.0,2025-05-12 14:18:43.864195+00:00
ighodos01,Oso Ighodaro,oso ighodaro,PHO,68.0,2025-05-12 14:18:43.864195+00:00
mitchaj01,Ajay Mitchell,ajay mitchell,OKC,68.0,2025-05-12 14:18:43.864195+00:00
wallake01,Keaton Wallace,keaton wallace,ATL,68.0,2025-05-12 14:18:43.864195+00:00
wellsja01,Jaylen Wells,jaylen wells,MEM,68.0,2025-05-12 14:18:43.864195+00:00
millejo02,Jordan Miller,jordan miller,LAC,68.0,2025-05-12 14:18:43.864195+00:00
batesem01,Emoni Bates,emoni bates,CLE,68.0,2025-05-12 14:18:43.864195+00:00
larsspe01,Pelle Larsson,pelle larsson,MIA,68.0,2025-05-12 14:18:43.864195+00:00
castlco01,Colin Castleton,colin castleton,3TM,68.0,2025-05-12 14:18:43.864195+00:00
reevean01,Antonio Reeves,antonio reeves,NOP,68.0,2025-05-12 14:18:43.864195+00:00
bouyeja01,Jamaree Bouyea,jamaree bouyea,MIL,67.0,2025-05-12 14:18:43.864195+00:00
flaglad01,Adam Flagler,adam flagler,OKC,67.0,2025-05-12 14:18:43.864195+00:00
toppija01,Jacob Toppin,jacob toppin,2TM,67.0,2025-05-12 14:18:43.864195+00:00
huffja01,Jay Huff,jay huff,MEM,67.0,2025-05-12 14:18:43.864195+00:00
queentr01,Trevelin Queen,trevelin queen,ORL,67.0,2025-05-12 14:18:43.864195+00:00
jacksqu01,Quenton Jackson,quenton jackson,IND,67.0,2025-05-12 14:18:43.864195+00:00
swideco01,Cole Swider,cole swider,2TM,67.0,2025-05-12 14:18:43.864195+00:00
martija02,Jaylen Martin,jaylen martin,2TM,67.0,2025-05-12 14:18:43.864195+00:00
